call name,account id,conversation type,conversation date,"agent id ",agent team,company name
py dRsxy,zLsp,call,02-04-23,364,default,AQlSL
iYccQdkH,rupFR,call,14-03-23,305,default,DP vB
KWPQBTHx,LAS,email,14-04-23,87,default,tzWOpF
rcTrVVdq,ppTJt,chat,05-02-23,860,default,aATdXw
WFxcls,RHtA,email,09-01-23,977,default,CokNx
RHswxM,cpx,email,19-04-23,402,default,No WQ
ZvPPI,CPJGt,email,22-03-23,531,default,UfRdF
qHEogg,ddkCn,call,13-01-23,647,default,ufskln
gSuITwDJ,sBGYp,email,09-02-23,2,admin,utWhkd
ZKWamK,HfpV,call,06-02-23,388,admin,PEpuDA