"Name","Role","Duration","StudentId","Email","Start Date","isCompleted"
"Himanshu Kumar Amrit","FrontEnd Development","5 month","2023SE65773","himanshukumaramrit41855@gmail.com","2023-04-20T00:00:00.000Z","true"
"Ishika Gupta","FrontEnd Development","5 month","2023SE83088","ishikagupta2002123@gmail.com","2023-04-20T00:00:00.000Z","true"
"Nandini Manoj Patel","FrontEnd Development","5 month","2023SE66183","patelnndn@gmail.com","2023-04-20T00:00:00.000Z","true"
"Arpana Kumari","FrontEnd Development","5 month","2023SE33560","arpanamehta03@gmail.com","2023-04-20T00:00:00.000Z","true"
"Jessnil Fernandes","FrontEnd Development","5 month","2023SE80561","jessnil.fernandes2002@gmail.com","2023-04-20T00:00:00.000Z","true"
"VANSHIKA GUPTA ","Backend With Node","5 month","2023SE39014","vanshika2002.vg@gmail.com","2023-04-20T00:00:00.000Z","true"
"J Kirti Rao","FrontEnd Development","5 month","2023SE44223","jkirtirao@gmail.com","2023-04-20T00:00:00.000Z","true"
"MD SHAHZADAH SATTAR","Backend With Java","6 month","2023SE77551","sattarmdshahzadah@gmail.com","2023-03-20T00:00:00.000Z","true"
"J Kirti Rao","FrontEnd Development","5 month","2023SE33289","kirti.ewp@gmail.com","2023-05-20T00:00:00.000Z","true"
"Katyayani N Dandin","FrontEnd Development","5 month","2023SE76183","katyayani.ewp@gmail.com","2023-05-15T00:00:00.000Z","true"
"Pratiksha udhav Kamble ","FrontEnd Development","6 month","2023SE63637","pratiksha.ewp@gmail.com","2023-05-25T00:00:00.000Z","true"
"Siddhartha Chaudhuri ","FrontEnd Development","1 month","2023SE35354","siddhartha.ewp@gmail.com","2023-08-05T00:00:00.000Z","true"
"Jahnavi Lenka","FrontEnd Development","1 month","2023SE87784","jahnavi.ewp@gmail.com","2023-08-05T00:00:00.000Z","true"